epoch,train_loss,val_loss
1,3.8980671935795908,3.1500419850150743
2,3.079732274483028,2.798009897271792
3,2.8173582823849723,2.621277610460917
4,2.6657135962886125,2.513220460464557
5,2.5580339239310996,2.437819868326187
6,2.4754375234575083,2.380960412323475
7,2.4120024498746786,2.334500248233477
8,2.3583014725115796,2.299271351347367
9,2.3082598706709523,2.270216984053453
10,2.2690253182986058,2.243838384747505
