epoch,train_loss,val_loss
1,0.9515944545208093,0.5202968399971724
2,0.506570908337243,0.39228434100126225
3,0.38215057754350457,0.33431441243737936
4,0.30264080181700564,0.29036006323682767
5,0.24550482320937822,0.26451756230865914
6,0.20289384949255765,0.24822604764873782
7,0.16908324669947053,0.236141515430063
8,0.13839322674270982,0.22707160267358026
9,0.11569369649438839,0.24128697866884372
10,0.09720448326020914,0.22494372395643344
